date,commit_count,tasks_completed,tasks_missed,avg_response_time_hours,founder_morale_score,compute_spend_usd
2025-12-01,15,8,2,2.5,7.5,125.50
2025-12-02,18,10,1,2.0,7.8,130.25
2025-12-03,12,7,3,3.2,7.2,128.75
2025-12-04,16,9,2,2.8,7.5,132.00
2025-12-05,14,8,2,2.5,7.3,127.50
2025-12-06,10,6,4,4.5,6.8,140.00
2025-12-07,8,5,5,5.0,6.2,145.75
2025-12-08,13,7,3,3.5,6.5,138.25
2025-12-09,15,9,2,2.8,7.0,135.50
2025-12-10,17,10,1,2.2,7.4,131.00
2025-12-11,16,9,2,2.5,7.5,129.75
2025-12-12,14,8,3,3.0,7.2,133.50
2025-12-13,11,6,4,4.2,6.5,142.00
2025-12-14,9,5,5,5.5,5.8,155.25
2025-12-15,7,4,6,6.0,5.2,160.50
2025-12-16,10,6,4,4.8,5.5,158.75
2025-12-17,12,7,3,4.0,6.0,148.00
2025-12-18,14,8,2,3.2,6.5,142.50
2025-12-19,15,9,2,2.8,6.8,138.25
2025-12-20,16,10,1,2.5,7.0,135.00
2025-12-21,13,8,3,3.5,6.7,140.75
2025-12-22,11,6,4,4.0,6.2,145.50
2025-12-23,9,5,5,5.2,5.5,152.00
2025-12-24,8,4,6,6.5,4.8,165.25
2025-12-25,6,3,7,7.0,4.2,170.50
2025-12-26,7,4,6,6.2,4.5,168.00
2025-12-27,9,5,5,5.5,5.0,160.75
2025-12-28,11,6,4,4.8,5.5,155.25
2025-12-29,10,7,3,4.2,5.8,150.00
2025-12-30,12,8,2,3.5,6.2,145.50
2025-12-31,14,9,2,3.0,6.5,140.25
2026-01-01,13,8,3,3.5,6.3,142.75
2026-01-02,11,7,4,4.0,6.0,148.50
2026-01-03,9,5,5,5.0,5.5,155.00
2026-01-04,8,4,6,5.8,5.0,162.25
2026-01-05,7,3,7,6.5,4.5,170.50
2026-01-06,6,3,7,7.2,4.0,175.75
2026-01-07,5,2,8,8.0,3.5,182.00
2026-01-08,4,2,8,8.5,3.0,190.25
